"DESCRIPTION","DURATION IN MS","NAME","PARENT SUITE","START TIME","STATUS","STOP TIME","SUB SUITE","SUITE","TEST CLASS","TEST METHOD"
"","18019","go directly to dashboard — Test1","webkit","2026-09-23","passed","2026-09-23","","04_Session_Storage\232_TestWingify.spec.ts","",""
"","13057","go directly to dashboard3 — Test3","chromium","2026-09-23","passed","2026-09-23","","04_Session_Storage\232_TestWingify.spec.ts","",""
"","14152","go directly to dashboard3 — Test3","webkit","2026-09-23","passed","2026-09-23","","04_Session_Storage\232_TestWingify.spec.ts","",""
"","13623","go directly to dashboard3 — Test3","firefox","2026-09-23","passed","2026-09-23","","04_Session_Storage\232_TestWingify.spec.ts","",""
"","31377","go directly to dashboard — Test1","firefox","2026-09-23","broken","2026-09-23","","04_Session_Storage\232_TestWingify.spec.ts","",""
"","15975","go directly to dashboard2 — Test2","webkit","2026-09-23","passed","2026-09-23","","04_Session_Storage\232_TestWingify.spec.ts","",""
"","22595","go directly to dashboard2 — Test2","firefox","2026-09-23","passed","2026-09-23","","04_Session_Storage\232_TestWingify.spec.ts","",""
"","15080","go directly to dashboard — Test1","chromium","2026-09-23","passed","2026-09-23","","04_Session_Storage\232_TestWingify.spec.ts","",""
"","21309","go directly to dashboard2 — Test2","chromium","2026-09-23","passed","2026-09-23","","04_Session_Storage\232_TestWingify.spec.ts","",""
